location,date,time,total_spaces,open_spaces
School,2026-09-24,14:48,45,5
Gym,2026-09-24,17:15,34,20
School,2026-09-25,14:48,45,28
Gym,2026-09-25,17:15,34,23
Gym,2026-09-25,20:15,34,29
Gym,2026-09-26,17:15,34,23
Gym,2026-09-26,20:15,34,29
School,2026-09-28,08:50,45,0
School,2026-09-29,08:50,45,0
School,2026-09-29,11:20,45,0
Gym,2026-09-29,12:20,34,25
Gym,2026-09-29,14:00,34,25
School,2026-09-29,14:20,45,1
School,2026-09-30,08:30,45,6
School,2026-09-30,10:00,45,1
School,2026-10-01,07:30,45,22
School,2026-10-01,08:50,45,0
School,2026-10-01,09:15,45,2
Gym,2026-10-01,09:40,34,21
Gym,2026-10-01,11:25,34,19
School,2026-10-01,13:40,45,0
School,2026-10-01,16:45,45,9
